ich,I,,pron
die Frau,woman,die Frauen,n,f
der Mann,man,die Männer,n,m
der,the,Pl: die; Acc: den; Dat: dem; Gen: des,art;  pron,m
das Kind,child,die Kinder,n,n
ja,yes,,part
die Welt,world,die Welten,n,f
sein,to be,,v
die Erde,earth,die Erden,n,f
das Land,country,die Länder,n,n
du,you,,pron
heißen,to be called,"hieß, geheißen",v
und,and,,conj
der Name,name,die Namen,n,m
schön,beautiful,,adj
lernen,to learn,,v
aufwachsen,to grow up,"wuchs auf, aufgewachsen",v
gehen,to go,"ging, gegangen",v
die Schule,school,die Schulen,n,f
die Möglichkeit,possibility,die Möglichkeiten,n,f
können,to be able,"konnte, gekonnt",verb
die Universität,university,die Universitäten,n,f
das,the,Pl: die; Acc: das; Dat: dem; Gen: des,art;  pron Neuter,n
lesen,to read,"las, gelesen",v
das Buch,book,die Bücher,n,n
das Wörterbuch,dictionary,die Wörterbücher,n,n
nicht,not,,adv
haben,to have,,verb
das Ding,thing,die Dinge,n,n
schreiben,to write,"schrieb, geschrieben",v
darstellen,to depict,,v
die Seite,page,die Seiten
die Sprache,language,die Sprachen,n,f
viel,much,,adj;  adv
die Bedeutung,meaning,die Bedeutungen,n,f
wahrscheinlich,probably,,adv; adj
vielleicht,maybe,,adv
wissen,to know (information),"wusste, gewusst",v
die Erinnerung,memory,die Erinnerungen,n,f
der Begriff,concept,die Begriffe,n,m
fühlen,to feel,,v
sehen,to see,"sah, gesehen",v
grün,green,,adj
die Farbe,colour,die Farben,n,f
rot,red,,adj
der Mülleimer,dustbin,die Mülleimer,n,m
schwarz,black,,adj
rosa,pink,,adj
die Kunst,art,die Künste,n,f
der Blödsinn,nonsense,-,n,m
die Politik,politics,-,n,f
nein,no,,part
wählen,to choose,,v
die Demokratie,democracy,die Demokratien,n,f
die Diktatur,dictatorship,die Diktaturen,n,f
politisch,political,,adj; adv
der Staat,state,die Staaten,n,m
die Bundesrepublik,Federal Republic,,n,f
orange,orange,,adj
die Stadt,city,die Städte,n,f
das Haus,house,die Häuser,n,n
zuhause,at home,,adv
wohnen,to live (in a place),,v
ruhig,calm,,adj
die Straße,street,die Straßen,n,f
die Nummer,number,die Nummern,n,f
das Stockwerk,storey,die Stockwerke,n,n
der Hof,courtyard,die Höfe,n,m
das Fahrrad,bicycle,die Fahrräder,n,n
der Bürgersteig,sidewalk,die Bürgersteige,n,m
der Fahrradweg,bicycle path,die Fahrradwege,n,m
blau,blue,,adj
die Brücke,bridge,die Brücken,n,f
der Fluss,river,die Flüsse,n,m
das Wasser,water,-,n,n
die See,sea,die Seen,n,f
der Strand,beach,die Strände,n,m
der Sommer,summer,die Sommer,n,m
der Herbst,autumn,-,n,m
golden,gold,,adj
der Winter,Winter,die Winter,n,m
weiß,white,,adj
kalt,cold,,adj
der Frühling,spring,-,n,m
warm,warm,,adj; adv
nass,wet,,adj
schwül,muggy,,adj
das Wetter,weather,-,n,n
gelb,yellow,,adj
die Wolke,cloud,die Wolken,n,f
der Mond,moon,die Monde,n,m
der Stern,star,die Sterne,n,m
silbern,silver,,adj
der Weltraum,space,n/a,n,m
das All,universe,n/a,n,m
immer,always,,adv
die Zeit,time,die Zeiten,n,f
die Uhr,watch,die Uhren,n,f
heute,today,,adv
gestern,yesterday,,adv
morgen,tomorrow,,adv
die Woche,week,die Wochen,n,f
der Monat,month,die Monate,n,m
das Jahr,year,die Jahre,n,n
ein,a,,art;  pron,"m,f,n"
auch,also,,adv
nie,never,,adv
manchmal,sometimes,,adv
alle,all,,adj
Hallo!,hello!,,int
Guten Tag!,Hello!,,int
Auf Wiedersehen!,Good bye!,,int
Tschüss!,Bye!,,int
der Freund,friend,die Freunde,n,m
glücklich,happy,,adj
ihr,you (plural),,pron,"feminine, plural"
kennen,to know,kannte;  hat gekannt,v
die Freundschaft,friendship,die Freundschaften,n,f
lieben,to love,,v
die Beziehung,relationship,die Beziehungen,n,f
schwer,hard,,adj
uns,us,,pron
das Bett,bed,die Betten,n,n
hoch,high,,"adjective, adverb"
auf,on,,prep
fallen,to fall,"fiel, gefallen",v
nieder,down,,adv; verb particle; adj
lustig,funny,,adj
der Spaß,fun,-,n,m
lachen,to laugh,,v
alle,everybody,,pron
der Streit,argument,-,n,m
weinen,to cry,,v
traurig,sad,,adj;  adv
sterben,to die,"starb, gestorben",v
die Natur,nature,-,n,f
das Tier,animal,die Tiere,noun,n
irgendwo,somewhere,,adv
wild,wild,,adj
in,in,,prep
der Wald,forest,die Wälder,n,m
braun,brown,,adj
der Baum,tree,die Bäume,n,m
wachsen,to grow up,"wuchs, gewachsen",v
unter,under,,prep
das Dorf,village,die Dörfer,n,n
der Bauernhof,farm,die Bauernhöfe,n,m
die Landschaft,countryside,die Landschaften,noun,f
das Gebiet,region,die Gebiete,n,n
bauen,to build,,v
arbeiten,to work,,v
anstrengend,tiring,,adj
sich ausruhen,to rest,,v
schlafen,to sleep,"schlief, geschlafen",v
die Nacht,night,die Nächte,n,f
grau,grey,,adj
das Frühstück,breakfast,die Früstücke,n,n
spät,late,,adj;  adv
die Arbeit,work,die Arbeiten,n
schnell,fast,,adj;  adv
pünktlich,on time,,,adv; adj
nach,after,,prep
laufen,to run,"lief, gelaufen",v
der Bus,bus,die Busse,n,m
die U-Bahn,underground,die U-Bahnen,n,f
zählen,to count,,vb
zahlen,to pay,,vb
die Fahrkarte,ticket,die Fahrkarten,n,f
schwarzfahren,to fare dodge,furh schwarz; ist schwarzgefahren,v
das Bußgeld,fine,die Bußgelder,n,n
der Zug,train,die Züge,n,m
der Schaffner,train guard,die Schaffner,n,m
das Auto,car,die Autos,n,n
der Student,(college) student,die Studenten,n,m
der Kommilitone,fellow student,die Kommilitonen,n,m
der Beruf,occupation,die Berufe,n,m
endlich,finally,,adv
kriegen,to get
die Firma,company,die Firmen,n,f
die GmbH,limited liability company,die GmbHs,n,f
gesamt,whole,,adj
bloß,only,,adverb;  adjective
entscheiden,to decide,"entschied, entschieden",v
der Erfolg,success,die Erfolge,n,m
gelingen,to succeed,"gelang, gelungen",v
das Geschäft,business,die Geschäfte,n,n
leisten,to achieve,,v
der Kunde,customer,die Kunden,n,m
der Kollege,colleague,die Kollegen,n,m
der Mitarbeiter,employee,die Mitarbeiter,n,m
die Wirtschaft,economy,die Wirtschaften,n,f
eins,one,,cardinal number
drei,three
niedrig,low,,adj
tot,dead,,adj
nämlich,namely,,part
im Moment,at the moment
meiste,most,,adj
niemand,no one,,pron
das Geld,money,,n
verdienen,to earn,,v
voll,full,,adj
mehr,more,,adv
für,for,,prep
der Abend,evening,die Abende,n,m
der Feierabend,end of the work day,,n,m
das Abendbrot,supper,-,n,n
zunehmen,to increase,"nahm zu, zugenommen",v
gut,good,,adj;  adv
mögen,to like,"mochte, gemocht",v
müde,tired,,adj
dunkel,dark,,adj
gemütlich,cozy,,adj
das Fernsehen,television,-,n,n
anmachen,to turn on,,v
der Krimi,whodunnit,die Krimis,n,m
das Licht,light,die Lichter,n,n
ausmachen,to turn off,,v
das Kissen,pillow,die Kissen,n,n
einschlafen,to fall asleep,"schlief ein, eingeschlafen",v
fast,almost,,adv
der Traum,dream,die Träume,n,m
der Alptraum,nightmare,die Alpträume,n,m
aufwachen,to wake up,,v
schwitzen,to sweat,,v
der Kopf,head,die Köpfe,n,m
denken,to think,dachte; hat gedacht,v
verstehen,to understand,"verstand, verstanden",v
klar,clear,,adj;  adv
der Sinn,sense,die Sinne,n,m
der Wecker,alarm,die Wecker,n,m
früh,early,,adj
obwohl,although,,conj
kurz,short,,adj;  adv
aufstehen,to get up,,v
das Zimmer,room,die Zimmer,n,n
der Körper,body,die Körper,n,m
riechen,to smell,"roch, gerochen",v
wesentlich,essential,,adj
waschen,to wash,"wusch, gewaschen",v
duschen,to shower,,v
die Schönheit,beauty,-,n,f
die Seife,soap,die Seifen,n,f
das Duschgel,shower gel,die Duschgele,n,n
sich eincremen,to put on some lotion,,v
die Schminke,makeup,-,n,n
sich schminken,to put on makeup,,v
sich schön machen,to get dressed up,,v
damit,thereby,,conj
besser,better,,adj;  adv
sauber,clean,,adj
das Bein,leg,die Beine,n,n
das Gesicht,face,die Gesichter,n,n
rasieren,to shave,,v
glatt,smooth,,adj
europäisch,European,,adj
die Stoppel,stubble,die Stoppeln,n,f
ähnlich,similar,,adj
das Haar,hair,die Haare,n,n
überall,everywhere,,adv
zahlreich,numerous,,adj
anziehen,to get dressed,zog an; hat/ist angezogen,v
die Hose,trousers,die Hosen,n,f
lila,purple,,adj
das Kleid,dress,die Kleider,n,n
das Hemd,shirt,die Hemder,n,n
der Schuh,shoe,die Schuhe,n,m
bunt,colourful,,adj
der Hausschuh,slipper,die Hausschuhe,n,m
der Hund,dog,die Hunde,n,m
die Katze,cat,die Katzen,n,f
wieder,again,,adv
nehmen,to take,"nahm, genommen",v
regelmäßig,regular,,adj; adv
der Versuch,attempt,die Versuche,n,m
überzeugen,to convince,,v
geben,to give,"gab, gegeben",v
zurück,back,,adv
die Schwierigkeit,difficulty,die Schwierigkeiten,n,f
schwierig,difficult,,adj
spazieren,to stroll,,v
die Luft,air,die Lüfte,n,f
frisch,fresh,,adj
hell,light,,adj
zu Fuß,on foot
weit,far,,adj;  adv
kein Problem,no problem
Mittwoch,Wednesday,,,m
Donnerstag,Thursday
das Wochenende,weekend,die Wochenenden,n,n
kochen,to cook,,v
der Gast,guest,die Gäste,n,m
Montag,Monday
besuchen,to visit,,v
Dienstag,Tuesday
reisen,to travel,,v
willkommen,welcome,,adj
wenn,if,,conj
Danke!,thanks!,,int
bitte,please
die Höflichkeit,politeness,die Höflichkeiten,n,f
höflich,polite,,adj
grob,coarse,,adj
sowieso,anyway,,adv
das Schimpfwort,swearword,die Schimpfwörter,n,n
fluchen,to swear,,v
Mist!,Damn!,,int
vermeiden,to avoid,vermied; vermieden,v
Entschuldigung!,Sorry!
vergeben,to forgive,"vergab, vergeben",v
großzügig,generous,,adj
finden,to find,"fand, gefunden",v
sich bedanken,to thank,,v
das Gefühl,feeling,die Gefühle,n,n
die Freude,joy,die Freuden,n,f
leer,empty,,adj
sauer,sour,,adj
der Zorn,anger,-,n,m
ausflippen,to flip,,v
hassen,to hate,,v
wann,when,,adv
die Gewalt,violence,die Gewalten,n,f
schlagen,to hit,"schlug, geschlagen",v
die Ohrfeige,slap in the face,die Ohrfeigen,n,f
der Frieden,peace,-,n,m
der Krieg,war,die Kriege,n,m
warum,why,,adv
die Frage,question,die Fragen,n,f
die Antwort,answer,die Antworten,n,f
fragen,to ask,,v
antworten,to answer,,v
wer,who,,adv
neugierig,curious,,adj
das Interesse,interest,die Interessen,n,n
das Hobby,hobby,die Hobbys,n,n
die Freizeit,spare time,die Freizeiten,n,f
machen,to do,,v
spielen,to play,,v
der Sport,sport,die Sportarten,n,f
Sport treiben,to exercise,,v
der Fußball,football,die Fußbälle,n,m
der Ball,ball,die Bälle,n,m
schießen,to shoot,"schoss, geschossen",v
der Torwart,goalkeeper,die Torwärte,n,m
der Schiedsrichter,referee,die Schiedsrichter,n,m
das Tor,goal,die Tore,noun,n
die Halbzeit,halftime,die Halbzeiten,n,f
gewinnen,to win,"gewann, gewonnen",v
die Weltmeisterschaft,world cup,die Weltmeisterschaften,n,f
verlieren,to lose,"verlor, verloren",v
die Mannschaft,team,die Mannschaften,noun,f
der Sieg,victory,die Siege,n,m
die Niederlage,defeat,die Niederlagen,n,f
der Fan,fan,die Fans,n,m
unterstützen,to support,,v
singen,to sing,"sang, gesungen",v
das Stadion,stadium,die Stadien,n,n
die Fahne,flag,die Fahnen,n,f
das Trikot,jersey,die Trikots,n,n
das Bier,beer,die Biere,n,n
trinken,to drink,"trank, getrunken",v
der Wein,wine,die Weine,n,m
der Saft,juice,die Säfte,n,m
der Sprudel,fizzy water,die Sprudel,n,m
das Leitungswasser,tap water,-,n,n
essen,to eat (for humans),"aß, gegessen",v
die Wurst,sausage,die Würste,n,f
lecker,yummy,,adjective;  interjection
hungrig,hungry,,adj
durstig,thirsty,,adj
die Kartoffel,potato,die Kartoffeln,n,f
würzig,spicy,,adj
salzig,salty,,adj
fade,insipid,,adj
scharf,hot,,adj
aber,but,,conj
süß,sweet,,adj
das Brot,bread,die Brote,n,n
das Brötchen,bread roll,die Brötchen,n,n
der Döner,kebab,die Döner,n,m
fettig,greasy,,adj
dick,fat,,adj
dünn,thin,,adj
wo,where,,adverb
die Gesundheit,health,die Gesundheiten,n,f
krank,sick,,adj
die Krankheit,illness,die Krankheiten,n,f
der Bauchschmerz,tummyache,die Bauchschmerzen,n,m
der Kopfschmerz,headache,die Kopfschmerzen,n,m
das Fieber,fever,die Fieber,n,n
der Arzt,doctor,die Ärzte,n,m
die Krankenschwester,nurse,die Krankenschwestern,n,f
das Krankenhaus,hospital,die Krankenhäuser,n,n
behandeln,to treat,,v
die Notaufnahme,casualty department,die Notaufnahmen,n,f
entlassen,to dismiss,,v
gesund,healthy,,adj
sich erholen,to recover,,v
warten,to wait,,v
langweilig,boring,,adj
geduldig,patient,,adj;  adv
die Ausdauer,endurance,-,n,f
die Musik,music,-,n,f
die Stimme,voice,die Stimmen,n,f
das Instrument,instrument,die Instrumente,n,n
die Geige,violin,die Geigen,n,f
das Klavier,piano,die Klaviere,n,n
die Gitarre,guitar,die Gitarren,n,f
das Schlagzeug,drums,die Schlagzeuge,noun,m
der Fehler,mistake,die Fehler,n,m
laut,loud,,adj
leise,quiet,,adj; adv
die Band,music band,die Bands,n,f
das Lied,song,die Lieder,n,n
der Schlager,pop song,die Schlager,n,m
der Lärm,noise,-,n,m
das Radio,radio,die Radios,n,n
jemand,someone,jemanden (accusative); jemandem (dative),pron
Samstag,Saturday
ausgehen,to go out,"ausging, ausgegangen",v
die Bar,bar,die Bars,n,f
die Kneipe,pub,die Kneipen,n,f
der Kellner,waiter,die Kellner,n,m
die Theke,counter,die Theken,n,f
das Getränk,drink,die Getränke,n,n
der Alkohol,alcohol,die Alkohole,n,m
Freitag,Friday
besoffen,drunk,,adj
kotzen,to vomit,,v
die Party,party,die Partys,n,f
tanzen,to dance,,v
der Club,club,die Clubs,n,m
flirten,to flirt,,v
jemanden anmachen,to make a move on someone,,v
anfassen,to touch,,v
das Lächeln,smile,die Lächeln,n,n
hübsch,pretty,,adj
jemanden abschleppen,to pick someone up,,v
hässlich,ugly,,adj
heiß,hot,,adj
jemandem einen Korb geben,to give someone the brush off
küssen,to kiss,,v
der Mund,mouth,die Münder,n,m
die Zunge,tongue,die Zungen,n,f
der Zungenkuss,French kiss,die Zungenküsse,n,m
der Geschlechtsverkehr,sex,-,n,m
die Geschlechtskrankheit,sexually transmitted disease,die Geschlechtskrankheiten,n,f
die Verhütung,contraception,die Verhütungen,n,f
das Kondom,condom,die Kondome,n,n
die Pille,pill,die Pillen,n,f
die Apotheke,pharmacy,die Apotheken,n,f
peinlich,embarrassing,,adj
der Kater,hangover,die Kater,n,m
das Handy,mobile phone,die Handys,n,n
jemanden anrufen,to call someone,,v
sprechen,to speak,"sprach, gesprochen",v
auflegen,to hang up the phone,,v
die Email,email,die Emails,n,f
das Internetcafé,internetcafé,die Internetcafés,n,n
tippen,to type,,v
der Brief,letter,die Briefe,n,m
die Briefmarke,stamp,die Briefmarken,n,f
die Post,post,-,n,f
bekommen,to receive,"bekam, hat bekommen",v
aufmachen,to open,,v
der Briefumschlag,envelope,die Briefumschläge,n,m
der Briefkasten,postbox,die Briefkästen,n,m
der Briefträger,postman,die Briefträger,n,m
Sonntag,Sunday
die Zeitung,newspaper,die Zeitungen,n,f
die Zeitschrift,magazine,die Zeitschriften,n,f
der Promi,celeb,die Promis,n,m
berühmt,famous,,adj
der Schauspieler,actor,die Schauspieler,n,m
der Sänger,singer,die Sänger,n,m
die Nachricht,news,die Nachrichten,n,f
das Ereignis,event,die Ereignisse,n,n
der Bericht,report,die Berichte,n,m
die Börse,stock market,die Börsen,n,f
die Finanzen,finances,-,n,f
die Krise,crisis,die Krisen,n,f
Griechenland,Greece,-,n,n
pleite,broke,,adj
bankrott,bankrupt,,adj
die Bank,bank,die Banken,n,f
der Kapitalismus,capitalism,-,n,m
die Schuld,debt,die Schulden,n,f
ausleihen,to borrow,"auslieh, ausgeliehen",v
bezahlen,to pay,,v
zurückbezahlen,to pay back,,v
die Hypothek,mortgage,die Hypotheken,n,f
finanziell,financial,,adj
die Arbeitslosigkeit,unemployment,-,n,f
die Quote,rate,die Quoten,n,f
steigen,to raise,"stieg, gestiegen",v
abnehmen,to decrease,"nahm ab, abgenommen",v
das Hartz IV,unemployment benefits,,n,n
die Armut,poverty,-,n,f
arm,poor,,adj
reich,rich,,adjective; adverb
gleich,equal,,adj
die Ungleichheit,inequality,die Ungleichheiten,n,f
die Spalte,gap,die Spalten,n,f
die Bevölkerung,population,die Bevölkerungen,n,f
zwischen,between,,prep
das Volk,nation,die Völker,n,n
die Gleichheit,equality,-,n,f
tolerant,tolerant,,adj
intolerant,intolerant,,adj
der Respekt,respect,-,n,m
der Rassismus,racism,die Rassismen,n,m
die Gesellschaft,society,die Gesellschaften,n,f
die Gemeinde,community,die Gemeinden,n,f
die Integration,integration,-,n,f
gesellschaftlich,social,,adj
die Schicht,class,die Schichten,n,f
die Oberschicht,upper-class,die Oberschichten,n,f
die Arbeiterklasse,working-class,die Arbeiterklassen,n,f
die soziale Mobilität,social mobility,,n,f
im Ausland,abroad
der Ausländer,foreigner,die Ausländer,n,m
die Einwanderung,immigration,die Einwanderungen,n,f
der Gastarbeiter,immigrant worker (especially from the 1960s),die Gastarbeiter,n,m
fremd,foreign,,adj
unbekannt,unknown,,adj
neu,new,,adj
die Kultur,culture,die Kulturen,n,f
kulturell,cultural,,adj
der Kulturschock,culture shock,,n,m
entdecken,to discover,,v
aufgeschlossen,open-minded,,adj
außerhalb,outside,,prep
die Sitte,custom,die Sitten,n,f
die Muttersprache,mother tongue,die Muttersprachen,n,f
zweisprachig,bilingual,,adj
gewöhnlich,usually,,adv; adj
die Geburt,birth,die Geburten,n,f
schieben,to push,,n
das Baby,baby,die Babys,n,n
die Energie,energy,die Energien,n,f
angesichts,in view of,,prep
bereit,ready,,adj
die Freiheit,freedom,die Freiheiten,n,f
komplex,complex,,adj
die Meinung,opinion,die Meinungen,n,f
einerseits,on one hand,,adv
anderseits,on the other hand,,adv
bewusst,conscious,,adj
somit,consequently,,adv
der Gegensatz,opposite,die Gegensätze,n,m
weil,because,,conj
im Gegensatz zu,in contrast to
darüber hinaus,furthermore,,adv
die Aussage,statement,die Aussagen,n,f
der Inhalt,content,die Inhalte,n,m
echt,genuine,,adj; adv
darunter,among,,adv
lediglich,merely,,adv
die Linie,line,die Linien,n,f
in erster Linie,first and foremost
unabhängig,independant,,adj
entweder...oder,either...or,,conj
die Erklärung,explanation,die Erklärungen,n,f
der Unterricht,lesson,die Unterrichte,n,m
unterrichten,to teach,,verb
der Lehrer,teacher,die Lehrer,n,m
fünf,five
die Hausaufgabe,homework,die Hausaufgaben,n,f
die Klausur,test,die Klausuren,n,f
die Prüfung,exam,die Prüfungen,n,f
gestresst,stressed,,adj
besorgt,worried,,adj
der Stift,pen,die Stifte,n,m
der Bleistift,pencil,die Bleistifte,n,m
das Blatt,leaf,die Blätter,n,n
das Papier,paper,die Papiere,n,n
das Heft,notebook,die Hefte,n,n
bestanden,to have passed an exam,,adj
die Hochschule,college,die Hochschulen,n,f
fördern,to promote,,v
die Erziehung,upbringing,-,n,f
die Bildung,education,die Bildungen,n,f
gebildet,educated,,adj
fein,fine,,adj; adv
der Stil,style,die Stile,n,m
schick,chic,,adj
aussehen,to look,,v
das Aussehen,appearance,-,n,n
gutaussehend,attractive,,adj
wollen,to want,,v
die Mode,fashion,die Moden,n,f
flüchtig,volatile,,adj
wechseln,to change,,v
die Kleidung,clothes,die Kleidungen,n,f
der Stoff,fabric,die Stoffe,n,m
seidig,silky,,adj
erhoben,raised,,adj
nähen,to sew,,v
das Loch,hole,die Löcher,n,m
reparieren,to repair,,v
wie,like,,CONJUNCTION
wie neu,as good as new
glänzend,shiny,,adj
strahlen,to beam,,v
dumpf,dull,,adj; adv
wunderschön,gorgeous,,adj; adv
jetzt,now,,adv
sofort,immediately,,adv
später,later,,adv
mal sehen,we'll see
davor,beforehand,,adv
danach,afterwards,,adv
die Geschichte,history,die Geschichten,n,f
die Vergangenheit,the past,-,n,f
die Gegenwart,the present,,n,f
vorbei,past,,adj; adv
die Zukunft,future,die Zukünfte,n,f
zukünftig,future,,adj
sicher,certain,,adj
unsicher,uncertain,,adj; adv
fest,solid,,adj; adv
ungewiss,vague,,adj; adv
die Sterblichkeit,mortality,-,n,f
die Menschheit,mankind,-,n,f
der Mensch,human,die Menschen,n,m
menschlich,human,,adj; adv
das Menschenrecht,human right,die Menschenrechte,n,n
recht,right,,adj; adv
links,left,,adj
zentral,central,,adj
nach rechts,to the right
nach links,to the left
abbiegen,to turn,"abbog, abgebogen",v
die Richtung,direction,die Richtungen,n,f
geradeaus,straight ahead,,adv
herum,around,,adv
um die Ecke,around the corner
die Landkarte,map,die Landkarten,n,f
verlieren,to lose,"verlier, verloren",v; adj
verpassen,to miss,,v
verspätet,late,,adj
der Weg,way,die Wege,n,m
weg,away,,adv
acht,eight,,numeral
neun,nine
erleichtert,relieved,,adj
helfen,to help,"half, geholfen",v
hier,here,,adv
das Café,cafe,die Cafés,n,n
das Trinkgeld,tip,die Trinkgelder,n,n
Stimmt so.,Keep the change.
der Stuhl,chair,die Stühle,n,m
sitzen,to sit,"saß, gesessen",v
sich hinsetzen,to sit down,,v
sich umschauen,to look around,,v
die Toilette,toilet,die Toiletten,n,f
das Klo,loo,die Klos,n,n
das Klopapier,loo paper,-,n,n
auf die Toilette gehen,to go to the bathroom,,v
spülen,to flush the toilet,,v
sich die Hände waschen,to wash one's hands
abtrocknen,to dry,,v
trocken,dry,,adj
das Handtuch,towel,die Handtücher,n,n
das Waschbecken,sink,die Waschbecken,n,n
abschließen,to lock,"abschloss, abgeschlossen",v
sich verstecken,"to hide, to get to",,v
das Geheimnis,secret,die Geheimnisse,n,n
geheim,secret,,adj
offen,open,,adj
weitergehen,to continue; to go on,"weiterging, weitegegangen",v
aufschließen,to unlock,"aufschloss, aufgeschlossen",v
die Tür,door,die Türen,n,f
angekommen,arrived,,adj
die Wohnung,flat,die Wohnungen,n,f
der Flur,corridor,die Flure,n,m
die Küche,kitchen,die Küchen,n,f
der Schrank,cupboard,die Schränke,n,m
der Kühlschrank,fridge,die Kühlschränke,n,m
aufgeräumt,tidy,,adj
braten,to fry; to cook,"briet, gebraten",v
naschen,to nibble,,v
die Naschkatze,person with a sweet tooth,die Naschkatzen,n,f
der Herd,stove,die Herde,n,m
die Pfanne,frying pan,die Pfannen,n,f
das Öl,oil,die Öle,n,n
die Zwiebel,onion,die Zwiebeln,n,f
duften,to smell,,v
die Nase,nose,die Nasen,n,f
die Bratkartoffel,fried potatoe,die Bratkartoffeln,n,f
den Tisch decken,to set the table,,v
fertig,ready,,adj
Guten Appetit!,Enjoy your meal!
der Teller,plate,die Teller,n,m
der Löffel,spoon,die Löffel,n,m
aufstoßen,to burp,"stieß auf, aufgestoßen"
Prost!,Cheers!,,interj
satt,full,,adj
aufräumen,to tidy,,v
abspülen,to wash up,,v
das Spülmittel,dish soap,die Spülmittel,n,n
abwischen,to wipe,,v
putzen,to clean,,v
einmal,once,,adv
zweimal,twice,,adv
nochmal,again,,adv
Ach ja?,really?,,interj
widerwillig,reluctant,,adj;  adv
gern,gladly,,adverb
"umso..., desto",the more ...the,,conj
wirksam,effective,,adj
zwanzig,twenty,,adj
dreißig,thirty,,cardinal number
vierzig,fourty
fünfzig,fifty
die Menge,quantity,die Mengen,n,f
hierfür,for this,,adv
vorwiegend,mainly,,adv
der Advent,advent,die Advente,n,m
das Weihnachten,Christmas,die Weihnachten,n,n
Frohe Weihnachten!,Merry Christmas!
der Weihnachtsmann,Santa,die Weihnachtsmänner,n,m
mein,my,,pron
der Weihnachtsmarkt,Christmas market,die Weihnachtsmärkte,n,m
der Glühwein,mulled wine,die Glühweine,n,m
die gebrannte Mandel,roasted almond,die gebrannte Mandeln,n,f
die Krippe,manger,die Krippen,n,f
der Weihnachtsbaum,Christmas tree,die Weihnachtsbäume,n,m
der Heiligabend,Christmas Eve,die Heiligabende,n,m
die Bescherung,handing out of presents at Christmas,die Bescherungen,n,f
schenken,to give a present,,v
dein,your,,pron
sich freuen,to be glad,,v
die Ferien,holidays,-,n,pl
der Feiertag,public holiday,die Feiertage,n,m
ausschlafen,to lie in,"schlief aus, ausgeschlafen",v
der Stollen,stollen (German Christmas cake),die Stollen,n,m
sein,his,,pron
der Lebkuchen,gingerbread,die Lebkuchen,n,m
die Kerze,candle,die Kerzen,n,f
schneien,to snow,,v
arschkalt,bloody cold,,adj
frieren,to freeze,"fror, gefroren",v
der Mantel,coat,die Mäntel,n,m
sich warm anziehen,to dress warmly,,v
der Handschuh,glove,die Handschuhe,n,m
die Mütze,hat,die Mützen,n,f
der Schal,scarf,die Schale,n,m
der Frost,frost,die Fröste,n,m
nebelig,foggy,,adj
rutschig,slippery,,adj
Guten Rutsch!,Happy New Year!
das Sylvester,New Year's Eve,die Sylvester,n,n
Mitternacht,midnight,,n,f
der Böller,firework,die Böller,n,m
auf etwas anstoßen,to drink to something,"stieß an, angestoßen",v
der Sekt,champagne,die Sekte,m,n
die guten Vorsätze,good resolutions,,n,pl
die Frisur,hairstyle,die Frisuren,n,f
schneiden,to cut,schnitt; geschnitten,v
lang,long,,adjective; adverb
die Schere,scissors,die Scheren,n,f
die Glatze,bald head,die Glatzen,n,f
die Locken,curls,-,n,pl
die Strähnchen,highlights (in hair),-,n,pl
das Gewicht,weight,die Gewichte,n,n
wiegen,to weigh,"wog, gewogen"
die Größe,height,-,n,f
selbstbewusst,self-confident,,adj
schüchtern,shy,,adj
reif,mature,,adj
unverantwortlich,irresponsible,,adj; adv
verrückt,crazy,,adj
das Risiko,risk,die Risikos,n,n
gefährlich,dangerous,,adj
lebensmüde,suicidal,,adj
schlimm,bad,,adj
jemanden aufmuntern,to cheer someone up,,v
der Mut,courage,-,n,m
feige,cowardly,,adv; adj
die Memme,sissy,die Memmen,n,f
wagen,to risk,,v
zögern,to hesitate,,v
vorwärts,forwards,,adv
rückwärts,backwards,,adv
Los geht's!,off we go!
vorn,ahead,,adv
hinter,behind,,adv
in der Mitte,in the middle
zuerst,first,,adv
am Ende,at the end,,adv
einkaufen,to buy,,v
der Laden,shop,die Läden,n,m
der Verkäufer,salesperson,die Verkäufer,n,m
verkaufen,to sell,,v
der Supermarkt,supermarket,die Supermärkte,n,m
der Späti,kiosk (open late at night and sell alcohol),die Spätis,n,m
das Pfand,deposit (on bottles),die Pfände,n,n
die Flasche,bottle,die Flaschen,n,f
die Bäckerei,bakery,die Bäckereien,n,f
das Käsebrötchen,cheese roll,die Käsebrötchen,n,n
der Kaffee,coffee,die Kaffees,n,m
die Milch,milk,-,n,f
der O-Saft,orange juice,die O-Säfte,n,m
das Ei,egg,die Eier,n,n
das gekochtes Ei,boiled egg,die gekochten Eier,n,n
der Tee,tea,die Tees,n,m
schlürfen,to sip,,v
schmatzen,to munch,,v
die Tasse,mug,die Tassen,n,f
die Kanne,pot,die Kannen,n,f
zusammen,together,,adv
allein,alone,,adv
zu zweit,two by two,,adv
gesellig,convivial,,adj
das Oktoberfest,Oktoberfest,,n,n
die Brezel,pretzel,die Brezeln
das Maß,beer mug (one liter),die Maße,n,f
die Weißwurst,Bavarian sausage,die Weißwürste,n,f
das Lebkuchenherz,gingerbread heart,die Lebkuchenherzen,n,n
das Zelt,tent,die Zelte,n,n
schunkeln,to sway to the music,,v
die Volksmusik,folk music,-,n,f
klassische Musik,classical music,,n,f
der Film,film,die Filme,n,m
der Regisseur,director,die Regisseure,n,m
drehen,to shoot (a film),,v
die Beleuchtung,lighting,die Beleuchtungen,n,f
spannend,exciting,,adj
gruselig,creepy,,adj
sich totlachen,to crack up,,v
der Schreck,fright,die Schrecke,n,m
das Kino,cinema,die Kinos,n,n
der Eintritt,admission,die Eintritte,n,m
das Popcorn,popcorn,-,n,n
fressen,to eat (for animals),,v
der Sessel,chair,die Sessel,n,m
das Theater,theatre,die Theater,n,m
die Garderobe,cloakroom,die Garderoben,n,f
die Pause,interval,die Pausen,n,f
die Truppe,troupe,die Truppen,n,f
klatschen,to clap,,v
ausbuhen,to boo,,v
beeindruckt,impressed,,adj
enttäuscht,disapointed,,adj
die Zugabe,encore,die Zugaben,n,f
die Bühne,stage,die Bühnen,n,f
das Lampenfieber,stage fright,-,n,n
das Publikum,audience,-,n,n
der Scheinwerfer,floodlight,die Scheinwerfer,n,m
der Vorhang,curtain,die Vorhänge,n,m
der Tourismus,tourism,-,n,m
einmarschieren,to invade,,v
das Museum,museum,die Museen,n,n
das Gemälde,painting,die Gemälde,n,n
die Galerie,gallery,die Galerien,n,f
die Ausstellung,exhibition,die Ausstellungen,n,f
der Künstler,artist,die Künstler,n,m
malen,to paint,,v
die Bildhauerei,sculpture,-,n,f
der Akt,nude portrait,die Akte,n,m
touristisch,tourist,,adj
die Besichtigung,sightseeing,die Besichtigungen,n,f
die Führung,guided tour,die Führungen,n,f
der Fotoapparat,camera,die Fotoapparate,n,m
die Sonnenbrille,sunglasses,die Sonnenbrillen,n,f
der Regenschirm,umbrella,die Regenschirme,n,m
voraussehen,to foresee,"sah voraus, vorausgesehen",v
vergessen,to forget,"vergaß, vergessen",v
vergesslich,forgetful,,adj
die Wohngemeinschaft,shared flat,die Wohngemeinschaften,n,f
der Mitbewohner,flatmate,die Mitbewohner,n,m
zusammenwohnen,to live together,,v
teilen,to share,,v
gemeinsam,collectively,,adv
der Nachbar,neighbour,die Nachbarn,n,m
das Treppenhaus,staircase,die Treppenhäuser,n,n
recyclen,to recycle,,v
das Glas,glass,die Gläser,n,n
die Pappe,cardboard,die Pappen,n,f
die Verpackung,packaging,die Verpackungen,n,f
die Tüte,bag,die Tüten,n,f
der Müll,rubbish,-,n,m
den Müll rausbringen,to put out the rubbish,,v
stinken,to stink,"stank, gestunken",v
klebrig,sticky,,adj
ekelig,disgusting,,adj
der Hundehaufen,dog dirt,die Hundehaufen,n,m
das Haustier,pet,die Haustiere,n,n
das Futter,feed,die Futter,n,n
der Tierarzt,vet,die Tierärzte,n,m
versichert,insured,,adj
die Rechnung,bill,die Rechnungen,noun,f
teuer,expensive,,adj
billig,cheap,,adj
angemessen,appropriate,,adj
die Erdkunde,geography,-,n,f
Deutschland,Germany,,n,n
Österreich,Austria,,n,n
die Schweiz,Switzerland,,n,f
deutsch,German,,adj
der Dialekt,dialect,die Dialekte,n,m
bairisch,Bavarian,,adj
berlinisch,Berlin dialect,,adj
das Niederdeutsch,Lower German (dialect from North Germany),-,n,n
deutsch-deutsch,East-West German,,adj
die DDR,GDR,,n,f
die BRD,FRG,,n,f
die Mauer,wall,die Mauern,noun,f
der Ossi,Easterner,die Ossis,n,m
der Wessi,Westerner,die Wessis,n,m
die Staatssicherheit,Stasi,,n,f
die Redefreiheit,freedom of speech,-,n,f
die Pressefreiheit,freedom of the press,-,n,f
zensiert,censored,,adj
festgehalten,detained,,adj
die Grenze,border,die Grenzen,n,f
der Grenzübergang,checkpoint,die Grenzübergänge,n,m
flüchten,to escape,,v
die Wende,turnabout,die Wenden,n,f
die Wiedervereinigung,the reunification,,n,f
die Ostalgie,nostalgia for the GDR,,n,f
euphorisch,euphoric,,adj
umarmen,to embrace,,v
feiern,to celebrate,,v
historisch,historical,,adj
das Jahrhundert,century,die Jahrhunderte,n,n
der Bundeskanzler,Federal Chancellor,die Bundeskanzler,n,m
demokratisch,democratic,,adj
weltweit,worldwide,,adj;  adv
der Einfluss,influence,die Einflüsse,n,m
tausend,thousand
pfeifen,to whistle
zufrieden,content,,adj
zwei,two
die Sonne,Sun,die Sonnen,n,f
das Badezimmer,bathroom,die Badezimmer,n,n
schlecht,bad,,adj; adv
der Himmel,sky,die Himmel,n,m
sieben,seven
ehrlich,honest,,adj
wunderbar,wonderful,,adj
toll,great,,adj
getrennt,separate,,adj
zehn,ten
folgen,to follow,,v
die Eltern,parents,-,n
vier,four,,numeral
senden,to send,,v
sechs,six
die Gabel,fork,die Gabeln,n,f
wir,we,,pron
selbstverständlich,obvious,,adj
der Tisch,table,die Tische,n,m
das Messer,knife,die Messer,n,n
sie,she,,pronoun,"feminine, plural"
leben,to live,,v
da,since,,conjunction
das Geschenk,gift,die Geschenke,n,n
kein,none,,adjective,"masculine, feminine, neuter"
weiter,further,,preposition
die,the,Pl: die; Acc: die; Dat: der; Gen: der,art;  pron Feminine,f
dreckig,dirty,,adj
der Tag,day,die Tage,n,m
gescheitert,to have failed an exam,,adj
schläfrig,sleepy,,adj
der Morgen,morning,-,n,m
sinken,to decrease,sank; ist gesunken,v
einfach,simply,,"adjective, adverb"
bestellen,to order,,v
mal,times,,adverb; modal particle
bürgerlich,middle-class,,adj
das Werk,work (eg of art),(-e),n,n